Date,Total_Deaths,Births,Cause,Death_Count
1990,113589.0,262600,Meningitis,99.0
1991,113521.0,259300,Meningitis,96.0
1992,115531.0,262600,Meningitis,97.0
1993,116309.0,259100,Meningitis,86.0
1994,119121.0,259000,Meningitis,86.0
1995,119684.0,255300,Meningitis,84.0
1996,121577.0,253400,Meningitis,84.0
1997,121817.0,251800,Meningitis,83.0
1998,121617.0,249000,Meningitis,83.0
1999,121706.0,251100,Meningitis,82.0
2000,122290.0,250700,Meningitis,79.0
2001,122934.0,247900,Meningitis,78.0
2002,124778.0,250100,Meningitis,75.0
2003,124653.0,250700,Meningitis,73.0
2004,124483.0,251500,Meningitis,70.0
2005,124441.0,265600,Meningitis,55.0
2006,126024.0,274400,Meningitis,53.0
2007,129287.0,293200,Meningitis,51.0
2008,131715.0,298300,Meningitis,50.0
2009,132087.0,300800,Meningitis,49.0
2010,132798.0,300800,Meningitis,49.0
2011,135195.0,302700,Meningitis,48.0
2012,135810.0,312200,Meningitis,48.0
2013,137420.0,307100,Meningitis,45.0
2014,141342.0,310500,Meningitis,45.0
2015,145315.0,306300,Meningitis,46.0
2016,146789.0,311800,Meningitis,44.0
2017,150480.0,305200,Meningitis,45.0
2018,156364.0,304200,Meningitis,46.0
2019,160895.0,306200,Meningitis,46.0
1990,113589.0,262600,Neoplasms,31401.0
1991,113521.0,259300,Neoplasms,31902.0
1992,115531.0,262600,Neoplasms,32785.0
1993,116309.0,259100,Neoplasms,33430.0
1994,119121.0,259000,Neoplasms,34419.0
1995,119684.0,255300,Neoplasms,34883.0
1996,121577.0,253400,Neoplasms,35577.0
1997,121817.0,251800,Neoplasms,35937.0
1998,121617.0,249000,Neoplasms,36234.0
1999,121706.0,251100,Neoplasms,36561.0
2000,122290.0,250700,Neoplasms,37009.0
2001,122934.0,247900,Neoplasms,37485.0
2002,124778.0,250100,Neoplasms,38098.0
2003,124653.0,250700,Neoplasms,37909.0
2004,124483.0,251500,Neoplasms,39058.0
2005,124441.0,265600,Neoplasms,39704.0
2006,126024.0,274400,Neoplasms,40546.0
2007,129287.0,293200,Neoplasms,41904.0
2008,131715.0,298300,Neoplasms,43049.0
2009,132087.0,300800,Neoplasms,43523.0
2010,132798.0,300800,Neoplasms,44010.0
2011,135195.0,302700,Neoplasms,44902.0
2012,135810.0,312200,Neoplasms,45387.0
2013,137420.0,307100,Neoplasms,46192.0
2014,141342.0,310500,Neoplasms,47417.0
2015,145315.0,306300,Neoplasms,48482.0
2016,146789.0,311800,Neoplasms,48970.0
2017,150480.0,305200,Neoplasms,50188.0
2018,156364.0,304200,Neoplasms,52196.0
2019,160895.0,306200,Neoplasms,53700.0
1990,113589.0,262600,"Fire, heat, and hot substances",147.0
1991,113521.0,259300,"Fire, heat, and hot substances",175.0
1992,115531.0,262600,"Fire, heat, and hot substances",149.0
1993,116309.0,259100,"Fire, heat, and hot substances",145.0
1994,119121.0,259000,"Fire, heat, and hot substances",178.0
1995,119684.0,255300,"Fire, heat, and hot substances",147.0
1996,121577.0,253400,"Fire, heat, and hot substances",164.0
1997,121817.0,251800,"Fire, heat, and hot substances",142.0
1998,121617.0,249000,"Fire, heat, and hot substances",138.0
1999,121706.0,251100,"Fire, heat, and hot substances",136.0
2000,122290.0,250700,"Fire, heat, and hot substances",143.0
2001,122934.0,247900,"Fire, heat, and hot substances",122.0
2002,124778.0,250100,"Fire, heat, and hot substances",160.0
2003,124653.0,250700,"Fire, heat, and hot substances",144.0
2004,124483.0,251500,"Fire, heat, and hot substances",121.0
2005,124441.0,265600,"Fire, heat, and hot substances",127.0
2006,126024.0,274400,"Fire, heat, and hot substances",113.0
2007,129287.0,293200,"Fire, heat, and hot substances",114.0
2008,131715.0,298300,"Fire, heat, and hot substances",115.0
2009,132087.0,300800,"Fire, heat, and hot substances",266.0
2010,132798.0,300800,"Fire, heat, and hot substances",108.0
2011,135195.0,302700,"Fire, heat, and hot substances",126.0
2012,135810.0,312200,"Fire, heat, and hot substances",104.0
2013,137420.0,307100,"Fire, heat, and hot substances",102.0
2014,141342.0,310500,"Fire, heat, and hot substances",102.0
2015,145315.0,306300,"Fire, heat, and hot substances",103.0
2016,146789.0,311800,"Fire, heat, and hot substances",102.0
2017,150480.0,305200,"Fire, heat, and hot substances",104.0
2018,156364.0,304200,"Fire, heat, and hot substances",107.0
2019,160895.0,306200,"Fire, heat, and hot substances",109.0
1990,113589.0,262600,Malaria,0.0
1991,113521.0,259300,Malaria,0.0
1992,115531.0,262600,Malaria,0.0
1993,116309.0,259100,Malaria,0.0
1994,119121.0,259000,Malaria,0.0
1995,119684.0,255300,Malaria,0.0
1996,121577.0,253400,Malaria,0.0
1997,121817.0,251800,Malaria,0.0
1998,121617.0,249000,Malaria,0.0
1999,121706.0,251100,Malaria,0.0
2000,122290.0,250700,Malaria,0.0
2001,122934.0,247900,Malaria,0.0
2002,124778.0,250100,Malaria,0.0
2003,124653.0,250700,Malaria,0.0
2004,124483.0,251500,Malaria,0.0
2005,124441.0,265600,Malaria,0.0
2006,126024.0,274400,Malaria,0.0
2007,129287.0,293200,Malaria,0.0
2008,131715.0,298300,Malaria,0.0
2009,132087.0,300800,Malaria,0.0
2010,132798.0,300800,Malaria,0.0
2011,135195.0,302700,Malaria,0.0
2012,135810.0,312200,Malaria,0.0
2013,137420.0,307100,Malaria,0.0
2014,141342.0,310500,Malaria,0.0
2015,145315.0,306300,Malaria,0.0
2016,146789.0,311800,Malaria,0.0
2017,150480.0,305200,Malaria,0.0
2018,156364.0,304200,Malaria,0.0
2019,160895.0,306200,Malaria,0.0
1990,113589.0,262600,Drowning,295.0
1991,113521.0,259300,Drowning,282.0
1992,115531.0,262600,Drowning,281.0
1993,116309.0,259100,Drowning,271.0
1994,119121.0,259000,Drowning,269.0
1995,119684.0,255300,Drowning,263.0
1996,121577.0,253400,Drowning,262.0
1997,121817.0,251800,Drowning,263.0
1998,121617.0,249000,Drowning,258.0
1999,121706.0,251100,Drowning,255.0
2000,122290.0,250700,Drowning,243.0
2001,122934.0,247900,Drowning,233.0
2002,124778.0,250100,Drowning,225.0
2003,124653.0,250700,Drowning,216.0
2004,124483.0,251500,Drowning,210.0
2005,124441.0,265600,Drowning,205.0
2006,126024.0,274400,Drowning,202.0
2007,129287.0,293200,Drowning,204.0
2008,131715.0,298300,Drowning,206.0
2009,132087.0,300800,Drowning,207.0
2010,132798.0,300800,Drowning,206.0
2011,135195.0,302700,Drowning,197.0
2012,135810.0,312200,Drowning,193.0
2013,137420.0,307100,Drowning,195.0
2014,141342.0,310500,Drowning,196.0
2015,145315.0,306300,Drowning,198.0
2016,146789.0,311800,Drowning,196.0
2017,150480.0,305200,Drowning,195.0
2018,156364.0,304200,Drowning,196.0
2019,160895.0,306200,Drowning,196.0
1990,113589.0,262600,Interpersonal violence,380.0
1991,113521.0,259300,Interpersonal violence,360.0
1992,115531.0,262600,Interpersonal violence,330.0
1993,116309.0,259100,Interpersonal violence,337.0
1994,119121.0,259000,Interpersonal violence,344.0
1995,119684.0,255300,Interpersonal violence,327.0
1996,121577.0,253400,Interpersonal violence,337.0
1997,121817.0,251800,Interpersonal violence,333.0
1998,121617.0,249000,Interpersonal violence,344.0
1999,121706.0,251100,Interpersonal violence,337.0
2000,122290.0,250700,Interpersonal violence,340.0
2001,122934.0,247900,Interpersonal violence,338.0
2002,124778.0,250100,Interpersonal violence,324.0
2003,124653.0,250700,Interpersonal violence,304.0
2004,124483.0,251500,Interpersonal violence,250.0
2005,124441.0,265600,Interpersonal violence,254.0
2006,126024.0,274400,Interpersonal violence,308.0
2007,129287.0,293200,Interpersonal violence,300.0
2008,131715.0,298300,Interpersonal violence,327.0
2009,132087.0,300800,Interpersonal violence,339.0
2010,132798.0,300800,Interpersonal violence,326.0
2011,135195.0,302700,Interpersonal violence,311.0
2012,135810.0,312200,Interpersonal violence,318.0
2013,137420.0,307100,Interpersonal violence,304.0
2014,141342.0,310500,Interpersonal violence,312.0
2015,145315.0,306300,Interpersonal violence,318.0
2016,146789.0,311800,Interpersonal violence,300.0
2017,150480.0,305200,Interpersonal violence,315.0
2018,156364.0,304200,Interpersonal violence,320.0
2019,160895.0,306200,Interpersonal violence,322.0
1990,113589.0,262600,HIV/AIDS,379.0
1991,113521.0,259300,HIV/AIDS,433.0
1992,115531.0,262600,HIV/AIDS,479.0
1993,116309.0,259100,HIV/AIDS,568.0
1994,119121.0,259000,HIV/AIDS,558.0
1995,119684.0,255300,HIV/AIDS,521.0
1996,121577.0,253400,HIV/AIDS,489.0
1997,121817.0,251800,HIV/AIDS,242.0
1998,121617.0,249000,HIV/AIDS,194.0
1999,121706.0,251100,HIV/AIDS,172.0
2000,122290.0,250700,HIV/AIDS,162.0
2001,122934.0,247900,HIV/AIDS,146.0
2002,124778.0,250100,HIV/AIDS,133.0
2003,124653.0,250700,HIV/AIDS,134.0
2004,124483.0,251500,HIV/AIDS,145.0
2005,124441.0,265600,HIV/AIDS,117.0
2006,126024.0,274400,HIV/AIDS,132.0
2007,129287.0,293200,HIV/AIDS,123.0
2008,131715.0,298300,HIV/AIDS,95.0
2009,132087.0,300800,HIV/AIDS,101.0
2010,132798.0,300800,HIV/AIDS,83.0
2011,135195.0,302700,HIV/AIDS,103.0
2012,135810.0,312200,HIV/AIDS,74.0
2013,137420.0,307100,HIV/AIDS,69.0
2014,141342.0,310500,HIV/AIDS,67.0
2015,145315.0,306300,HIV/AIDS,64.0
2016,146789.0,311800,HIV/AIDS,71.0
2017,150480.0,305200,HIV/AIDS,71.0
2018,156364.0,304200,HIV/AIDS,71.0
2019,160895.0,306200,HIV/AIDS,71.0
1990,113589.0,262600,Drug use disorders,458.0
1991,113521.0,259300,Drug use disorders,485.0
1992,115531.0,262600,Drug use disorders,535.0
1993,116309.0,259100,Drug use disorders,582.0
1994,119121.0,259000,Drug use disorders,660.0
1995,119684.0,255300,Drug use disorders,741.0
1996,121577.0,253400,Drug use disorders,790.0
1997,121817.0,251800,Drug use disorders,868.0
1998,121617.0,249000,Drug use disorders,937.0
1999,121706.0,251100,Drug use disorders,955.0
2000,122290.0,250700,Drug use disorders,896.0
2001,122934.0,247900,Drug use disorders,782.0
2002,124778.0,250100,Drug use disorders,752.0
2003,124653.0,250700,Drug use disorders,767.0
2004,124483.0,251500,Drug use disorders,783.0
2005,124441.0,265600,Drug use disorders,805.0
2006,126024.0,274400,Drug use disorders,787.0
2007,129287.0,293200,Drug use disorders,757.0
2008,131715.0,298300,Drug use disorders,720.0
2009,132087.0,300800,Drug use disorders,693.0
2010,132798.0,300800,Drug use disorders,700.0
2011,135195.0,302700,Drug use disorders,738.0
2012,135810.0,312200,Drug use disorders,766.0
2013,137420.0,307100,Drug use disorders,813.0
2014,141342.0,310500,Drug use disorders,887.0
2015,145315.0,306300,Drug use disorders,954.0
2016,146789.0,311800,Drug use disorders,1002.0
2017,150480.0,305200,Drug use disorders,1039.0
2018,156364.0,304200,Drug use disorders,1086.0
2019,160895.0,306200,Drug use disorders,1128.0
1990,113589.0,262600,Tuberculosis,99.0
1991,113521.0,259300,Tuberculosis,97.0
1992,115531.0,262600,Tuberculosis,97.0
1993,116309.0,259100,Tuberculosis,95.0
1994,119121.0,259000,Tuberculosis,94.0
1995,119684.0,255300,Tuberculosis,92.0
1996,121577.0,253400,Tuberculosis,91.0
1997,121817.0,251800,Tuberculosis,86.0
1998,121617.0,249000,Tuberculosis,86.0
1999,121706.0,251100,Tuberculosis,85.0
2000,122290.0,250700,Tuberculosis,82.0
2001,122934.0,247900,Tuberculosis,84.0
2002,124778.0,250100,Tuberculosis,81.0
2003,124653.0,250700,Tuberculosis,78.0
2004,124483.0,251500,Tuberculosis,77.0
2005,124441.0,265600,Tuberculosis,73.0
2006,126024.0,274400,Tuberculosis,76.0
2007,129287.0,293200,Tuberculosis,78.0
2008,131715.0,298300,Tuberculosis,80.0
2009,132087.0,300800,Tuberculosis,80.0
2010,132798.0,300800,Tuberculosis,79.0
2011,135195.0,302700,Tuberculosis,80.0
2012,135810.0,312200,Tuberculosis,77.0
2013,137420.0,307100,Tuberculosis,80.0
2014,141342.0,310500,Tuberculosis,82.0
2015,145315.0,306300,Tuberculosis,85.0
2016,146789.0,311800,Tuberculosis,85.0
2017,150480.0,305200,Tuberculosis,88.0
2018,156364.0,304200,Tuberculosis,92.0
2019,160895.0,306200,Tuberculosis,95.0
1990,113589.0,262600,Road injuries,2739.0
1991,113521.0,259300,Road injuries,2543.0
1992,115531.0,262600,Road injuries,2420.0
1993,116309.0,259100,Road injuries,2296.0
1994,119121.0,259000,Road injuries,2255.0
1995,119684.0,255300,Road injuries,2220.0
1996,121577.0,253400,Road injuries,2182.0
1997,121817.0,251800,Road injuries,2137.0
1998,121617.0,249000,Road injuries,2121.0
1999,121706.0,251100,Road injuries,2092.0
2000,122290.0,250700,Road injuries,2050.0
2001,122934.0,247900,Road injuries,1973.0
2002,124778.0,250100,Road injuries,1930.0
2003,124653.0,250700,Road injuries,1890.0
2004,124483.0,251500,Road injuries,1828.0
2005,124441.0,265600,Road injuries,1784.0
2006,126024.0,274400,Road injuries,1755.0
2007,129287.0,293200,Road injuries,1752.0
2008,131715.0,298300,Road injuries,1739.0
2009,132087.0,300800,Road injuries,1711.0
2010,132798.0,300800,Road injuries,1665.0
2011,135195.0,302700,Road injuries,1617.0
2012,135810.0,312200,Road injuries,1568.0
2013,137420.0,307100,Road injuries,1515.0
2014,141342.0,310500,Road injuries,1523.0
2015,145315.0,306300,Road injuries,1549.0
2016,146789.0,311800,Road injuries,1545.0
2017,150480.0,305200,Road injuries,1558.0
2018,156364.0,304200,Road injuries,1584.0
2019,160895.0,306200,Road injuries,1595.0
1990,113589.0,262600,Maternal disorders,19.0
1991,113521.0,259300,Maternal disorders,14.0
1992,115531.0,262600,Maternal disorders,15.0
1993,116309.0,259100,Maternal disorders,20.0
1994,119121.0,259000,Maternal disorders,24.0
1995,119684.0,255300,Maternal disorders,23.0
1996,121577.0,253400,Maternal disorders,18.0
1997,121817.0,251800,Maternal disorders,22.0
1998,121617.0,249000,Maternal disorders,15.0
1999,121706.0,251100,Maternal disorders,26.0
2000,122290.0,250700,Maternal disorders,17.0
2001,122934.0,247900,Maternal disorders,17.0
2002,124778.0,250100,Maternal disorders,17.0
2003,124653.0,250700,Maternal disorders,13.0
2004,124483.0,251500,Maternal disorders,15.0
2005,124441.0,265600,Maternal disorders,14.0
2006,126024.0,274400,Maternal disorders,18.0
2007,129287.0,293200,Maternal disorders,14.0
2008,131715.0,298300,Maternal disorders,12.0
2009,132087.0,300800,Maternal disorders,18.0
2010,132798.0,300800,Maternal disorders,19.0
2011,135195.0,302700,Maternal disorders,19.0
2012,135810.0,312200,Maternal disorders,19.0
2013,137420.0,307100,Maternal disorders,11.0
2014,141342.0,310500,Maternal disorders,13.0
2015,145315.0,306300,Maternal disorders,12.0
2016,146789.0,311800,Maternal disorders,14.0
2017,150480.0,305200,Maternal disorders,13.0
2018,156364.0,304200,Maternal disorders,13.0
2019,160895.0,306200,Maternal disorders,13.0
1990,113589.0,262600,Lower respiratory infections,1823.0
1991,113521.0,259300,Lower respiratory infections,1826.0
1992,115531.0,262600,Lower respiratory infections,1895.0
1993,116309.0,259100,Lower respiratory infections,1924.0
1994,119121.0,259000,Lower respiratory infections,2043.0
1995,119684.0,255300,Lower respiratory infections,2136.0
1996,121577.0,253400,Lower respiratory infections,2323.0
1997,121817.0,251800,Lower respiratory infections,2638.0
1998,121617.0,249000,Lower respiratory infections,2547.0
1999,121706.0,251100,Lower respiratory infections,2620.0
2000,122290.0,250700,Lower respiratory infections,2838.0
2001,122934.0,247900,Lower respiratory infections,2940.0
2002,124778.0,250100,Lower respiratory infections,3097.0
2003,124653.0,250700,Lower respiratory infections,3181.0
2004,124483.0,251500,Lower respiratory infections,3113.0
2005,124441.0,265600,Lower respiratory infections,2998.0
2006,126024.0,274400,Lower respiratory infections,2938.0
2007,129287.0,293200,Lower respiratory infections,2910.0
2008,131715.0,298300,Lower respiratory infections,2828.0
2009,132087.0,300800,Lower respiratory infections,2803.0
2010,132798.0,300800,Lower respiratory infections,2911.0
2011,135195.0,302700,Lower respiratory infections,3055.0
2012,135810.0,312200,Lower respiratory infections,3192.0
2013,137420.0,307100,Lower respiratory infections,3306.0
2014,141342.0,310500,Lower respiratory infections,3530.0
2015,145315.0,306300,Lower respiratory infections,3763.0
2016,146789.0,311800,Lower respiratory infections,3925.0
2017,150480.0,305200,Lower respiratory infections,4011.0
2018,156364.0,304200,Lower respiratory infections,4158.0
2019,160895.0,306200,Lower respiratory infections,4269.0
1990,113589.0,262600,Neonatal disorders,872.0
1991,113521.0,259300,Neonatal disorders,812.0
1992,115531.0,262600,Neonatal disorders,815.0
1993,116309.0,259100,Neonatal disorders,746.0
1994,119121.0,259000,Neonatal disorders,719.0
1995,119684.0,255300,Neonatal disorders,694.0
1996,121577.0,253400,Neonatal disorders,684.0
1997,121817.0,251800,Neonatal disorders,662.0
1998,121617.0,249000,Neonatal disorders,649.0
1999,121706.0,251100,Neonatal disorders,674.0
2000,122290.0,250700,Neonatal disorders,651.0
2001,122934.0,247900,Neonatal disorders,640.0
2002,124778.0,250100,Neonatal disorders,632.0
2003,124653.0,250700,Neonatal disorders,620.0
2004,124483.0,251500,Neonatal disorders,621.0
2005,124441.0,265600,Neonatal disorders,651.0
2006,126024.0,274400,Neonatal disorders,658.0
2007,129287.0,293200,Neonatal disorders,651.0
2008,131715.0,298300,Neonatal disorders,648.0
2009,132087.0,300800,Neonatal disorders,649.0
2010,132798.0,300800,Neonatal disorders,638.0
2011,135195.0,302700,Neonatal disorders,608.0
2012,135810.0,312200,Neonatal disorders,575.0
2013,137420.0,307100,Neonatal disorders,572.0
2014,141342.0,310500,Neonatal disorders,537.0
2015,145315.0,306300,Neonatal disorders,542.0
2016,146789.0,311800,Neonatal disorders,529.0
2017,150480.0,305200,Neonatal disorders,511.0
2018,156364.0,304200,Neonatal disorders,496.0
2019,160895.0,306200,Neonatal disorders,487.0
1990,113589.0,262600,Alcohol use disorders,270.0
1991,113521.0,259300,Alcohol use disorders,272.0
1992,115531.0,262600,Alcohol use disorders,277.0
1993,116309.0,259100,Alcohol use disorders,287.0
1994,119121.0,259000,Alcohol use disorders,297.0
1995,119684.0,255300,Alcohol use disorders,314.0
1996,121577.0,253400,Alcohol use disorders,324.0
1997,121817.0,251800,Alcohol use disorders,347.0
1998,121617.0,249000,Alcohol use disorders,372.0
1999,121706.0,251100,Alcohol use disorders,400.0
2000,122290.0,250700,Alcohol use disorders,412.0
2001,122934.0,247900,Alcohol use disorders,418.0
2002,124778.0,250100,Alcohol use disorders,431.0
2003,124653.0,250700,Alcohol use disorders,442.0
2004,124483.0,251500,Alcohol use disorders,443.0
2005,124441.0,265600,Alcohol use disorders,454.0
2006,126024.0,274400,Alcohol use disorders,467.0
2007,129287.0,293200,Alcohol use disorders,483.0
2008,131715.0,298300,Alcohol use disorders,496.0
2009,132087.0,300800,Alcohol use disorders,503.0
2010,132798.0,300800,Alcohol use disorders,510.0
2011,135195.0,302700,Alcohol use disorders,511.0
2012,135810.0,312200,Alcohol use disorders,514.0
2013,137420.0,307100,Alcohol use disorders,522.0
2014,141342.0,310500,Alcohol use disorders,536.0
2015,145315.0,306300,Alcohol use disorders,553.0
2016,146789.0,311800,Alcohol use disorders,568.0
2017,150480.0,305200,Alcohol use disorders,575.0
2018,156364.0,304200,Alcohol use disorders,583.0
2019,160895.0,306200,Alcohol use disorders,590.0
1990,113589.0,262600,Exposure to forces of nature,16.0
1991,113521.0,259300,Exposure to forces of nature,14.0
1992,115531.0,262600,Exposure to forces of nature,10.0
1993,116309.0,259100,Exposure to forces of nature,3.0
1994,119121.0,259000,Exposure to forces of nature,1.0
1995,119684.0,255300,Exposure to forces of nature,5.0
1996,121577.0,253400,Exposure to forces of nature,23.0
1997,121817.0,251800,Exposure to forces of nature,40.0
1998,121617.0,249000,Exposure to forces of nature,7.0
1999,121706.0,251100,Exposure to forces of nature,12.0
2000,122290.0,250700,Exposure to forces of nature,3.0
2001,122934.0,247900,Exposure to forces of nature,4.0
2002,124778.0,250100,Exposure to forces of nature,1.0
2003,124653.0,250700,Exposure to forces of nature,3.0
2004,124483.0,251500,Exposure to forces of nature,3.0
2005,124441.0,265600,Exposure to forces of nature,4.0
2006,126024.0,274400,Exposure to forces of nature,4.0
2007,129287.0,293200,Exposure to forces of nature,5.0
2008,131715.0,298300,Exposure to forces of nature,5.0
2009,132087.0,300800,Exposure to forces of nature,6.0
2010,132798.0,300800,Exposure to forces of nature,5.0
2011,135195.0,302700,Exposure to forces of nature,34.0
2012,135810.0,312200,Exposure to forces of nature,8.0
2013,137420.0,307100,Exposure to forces of nature,4.0
2014,141342.0,310500,Exposure to forces of nature,5.0
2015,145315.0,306300,Exposure to forces of nature,9.0
2016,146789.0,311800,Exposure to forces of nature,9.0
2017,150480.0,305200,Exposure to forces of nature,12.0
2018,156364.0,304200,Exposure to forces of nature,0.0
2019,160895.0,306200,Exposure to forces of nature,4.0
1990,113589.0,262600,Diarrheal diseases,38.0
1991,113521.0,259300,Diarrheal diseases,43.0
1992,115531.0,262600,Diarrheal diseases,49.0
1993,116309.0,259100,Diarrheal diseases,57.0
1994,119121.0,259000,Diarrheal diseases,64.0
1995,119684.0,255300,Diarrheal diseases,70.0
1996,121577.0,253400,Diarrheal diseases,75.0
1997,121817.0,251800,Diarrheal diseases,73.0
1998,121617.0,249000,Diarrheal diseases,73.0
1999,121706.0,251100,Diarrheal diseases,78.0
2000,122290.0,250700,Diarrheal diseases,80.0
2001,122934.0,247900,Diarrheal diseases,87.0
2002,124778.0,250100,Diarrheal diseases,97.0
2003,124653.0,250700,Diarrheal diseases,106.0
2004,124483.0,251500,Diarrheal diseases,117.0
2005,124441.0,265600,Diarrheal diseases,123.0
2006,126024.0,274400,Diarrheal diseases,136.0
2007,129287.0,293200,Diarrheal diseases,148.0
2008,131715.0,298300,Diarrheal diseases,156.0
2009,132087.0,300800,Diarrheal diseases,167.0
2010,132798.0,300800,Diarrheal diseases,179.0
2011,135195.0,302700,Diarrheal diseases,197.0
2012,135810.0,312200,Diarrheal diseases,207.0
2013,137420.0,307100,Diarrheal diseases,206.0
2014,141342.0,310500,Diarrheal diseases,213.0
2015,145315.0,306300,Diarrheal diseases,218.0
2016,146789.0,311800,Diarrheal diseases,219.0
2017,150480.0,305200,Diarrheal diseases,220.0
2018,156364.0,304200,Diarrheal diseases,225.0
2019,160895.0,306200,Diarrheal diseases,228.0
1990,113589.0,262600,Environmental heat and cold exposure,40.0
1991,113521.0,259300,Environmental heat and cold exposure,40.0
1992,115531.0,262600,Environmental heat and cold exposure,41.0
1993,116309.0,259100,Environmental heat and cold exposure,56.0
1994,119121.0,259000,Environmental heat and cold exposure,57.0
1995,119684.0,255300,Environmental heat and cold exposure,53.0
1996,121577.0,253400,Environmental heat and cold exposure,44.0
1997,121817.0,251800,Environmental heat and cold exposure,42.0
1998,121617.0,249000,Environmental heat and cold exposure,38.0
1999,121706.0,251100,Environmental heat and cold exposure,36.0
2000,122290.0,250700,Environmental heat and cold exposure,37.0
2001,122934.0,247900,Environmental heat and cold exposure,34.0
2002,124778.0,250100,Environmental heat and cold exposure,35.0
2003,124653.0,250700,Environmental heat and cold exposure,38.0
2004,124483.0,251500,Environmental heat and cold exposure,42.0
2005,124441.0,265600,Environmental heat and cold exposure,42.0
2006,126024.0,274400,Environmental heat and cold exposure,44.0
2007,129287.0,293200,Environmental heat and cold exposure,46.0
2008,131715.0,298300,Environmental heat and cold exposure,46.0
2009,132087.0,300800,Environmental heat and cold exposure,77.0
2010,132798.0,300800,Environmental heat and cold exposure,43.0
2011,135195.0,302700,Environmental heat and cold exposure,41.0
2012,135810.0,312200,Environmental heat and cold exposure,38.0
2013,137420.0,307100,Environmental heat and cold exposure,36.0
2014,141342.0,310500,Environmental heat and cold exposure,51.0
2015,145315.0,306300,Environmental heat and cold exposure,34.0
2016,146789.0,311800,Environmental heat and cold exposure,33.0
2017,150480.0,305200,Environmental heat and cold exposure,35.0
2018,156364.0,304200,Environmental heat and cold exposure,36.0
2019,160895.0,306200,Environmental heat and cold exposure,37.0
1990,113589.0,262600,Nutritional deficiencies,77.0
1991,113521.0,259300,Nutritional deficiencies,79.0
1992,115531.0,262600,Nutritional deficiencies,84.0
1993,116309.0,259100,Nutritional deficiencies,89.0
1994,119121.0,259000,Nutritional deficiencies,97.0
1995,119684.0,255300,Nutritional deficiencies,101.0
1996,121577.0,253400,Nutritional deficiencies,106.0
1997,121817.0,251800,Nutritional deficiencies,109.0
1998,121617.0,249000,Nutritional deficiencies,116.0
1999,121706.0,251100,Nutritional deficiencies,121.0
2000,122290.0,250700,Nutritional deficiencies,124.0
2001,122934.0,247900,Nutritional deficiencies,125.0
2002,124778.0,250100,Nutritional deficiencies,132.0
2003,124653.0,250700,Nutritional deficiencies,134.0
2004,124483.0,251500,Nutritional deficiencies,137.0
2005,124441.0,265600,Nutritional deficiencies,137.0
2006,126024.0,274400,Nutritional deficiencies,137.0
2007,129287.0,293200,Nutritional deficiencies,138.0
2008,131715.0,298300,Nutritional deficiencies,138.0
2009,132087.0,300800,Nutritional deficiencies,137.0
2010,132798.0,300800,Nutritional deficiencies,139.0
2011,135195.0,302700,Nutritional deficiencies,138.0
2012,135810.0,312200,Nutritional deficiencies,136.0
2013,137420.0,307100,Nutritional deficiencies,134.0
2014,141342.0,310500,Nutritional deficiencies,141.0
2015,145315.0,306300,Nutritional deficiencies,145.0
2016,146789.0,311800,Nutritional deficiencies,150.0
2017,150480.0,305200,Nutritional deficiencies,153.0
2018,156364.0,304200,Nutritional deficiencies,159.0
2019,160895.0,306200,Nutritional deficiencies,164.0
1990,113589.0,262600,Self-harm,2342.0
1991,113521.0,259300,Self-harm,2362.0
1992,115531.0,262600,Self-harm,2391.0
1993,116309.0,259100,Self-harm,2376.0
1994,119121.0,259000,Self-harm,2468.0
1995,119684.0,255300,Self-harm,2533.0
1996,121577.0,253400,Self-harm,2600.0
1997,121817.0,251800,Self-harm,2679.0
1998,121617.0,249000,Self-harm,2719.0
1999,121706.0,251100,Self-harm,2667.0
2000,122290.0,250700,Self-harm,2584.0
2001,122934.0,247900,Self-harm,2502.0
2002,124778.0,250100,Self-harm,2449.0
2003,124653.0,250700,Self-harm,2426.0
2004,124483.0,251500,Self-harm,2381.0
2005,124441.0,265600,Self-harm,2358.0
2006,126024.0,274400,Self-harm,2370.0
2007,129287.0,293200,Self-harm,2465.0
2008,131715.0,298300,Self-harm,2556.0
2009,132087.0,300800,Self-harm,2610.0
2010,132798.0,300800,Self-harm,2667.0
2011,135195.0,302700,Self-harm,2687.0
2012,135810.0,312200,Self-harm,2716.0
2013,137420.0,307100,Self-harm,2775.0
2014,141342.0,310500,Self-harm,2907.0
2015,145315.0,306300,Self-harm,3010.0
2016,146789.0,311800,Self-harm,2927.0
2017,150480.0,305200,Self-harm,2857.0
2018,156364.0,304200,Self-harm,2876.0
2019,160895.0,306200,Self-harm,2898.0
1990,113589.0,262600,Conflict and terrorism,2.0
1991,113521.0,259300,Conflict and terrorism,4.0
1992,115531.0,262600,Conflict and terrorism,2.0
1993,116309.0,259100,Conflict and terrorism,0.0
1994,119121.0,259000,Conflict and terrorism,6.0
1995,119684.0,255300,Conflict and terrorism,0.0
1996,121577.0,253400,Conflict and terrorism,2.0
1997,121817.0,251800,Conflict and terrorism,0.0
1998,121617.0,249000,Conflict and terrorism,0.0
1999,121706.0,251100,Conflict and terrorism,0.0
2000,122290.0,250700,Conflict and terrorism,1.0
2001,122934.0,247900,Conflict and terrorism,4.0
2002,124778.0,250100,Conflict and terrorism,0.0
2003,124653.0,250700,Conflict and terrorism,0.0
2004,124483.0,251500,Conflict and terrorism,0.0
2005,124441.0,265600,Conflict and terrorism,0.0
2006,126024.0,274400,Conflict and terrorism,0.0
2007,129287.0,293200,Conflict and terrorism,0.0
2008,131715.0,298300,Conflict and terrorism,0.0
2009,132087.0,300800,Conflict and terrorism,2.0
2010,132798.0,300800,Conflict and terrorism,10.0
2011,135195.0,302700,Conflict and terrorism,11.0
2012,135810.0,312200,Conflict and terrorism,1.0
2013,137420.0,307100,Conflict and terrorism,0.0
2014,141342.0,310500,Conflict and terrorism,4.0
2015,145315.0,306300,Conflict and terrorism,3.0
2016,146789.0,311800,Conflict and terrorism,1.0
2017,150480.0,305200,Conflict and terrorism,0.0
2018,156364.0,304200,Conflict and terrorism,2.0
2019,160895.0,306200,Conflict and terrorism,0.0
1990,113589.0,262600,Diabetes mellitus,2198.0
1991,113521.0,259300,Diabetes mellitus,2273.0
1992,115531.0,262600,Diabetes mellitus,2397.0
1993,116309.0,259100,Diabetes mellitus,2497.0
1994,119121.0,259000,Diabetes mellitus,2640.0
1995,119684.0,255300,Diabetes mellitus,2705.0
1996,121577.0,253400,Diabetes mellitus,2829.0
1997,121817.0,251800,Diabetes mellitus,2870.0
1998,121617.0,249000,Diabetes mellitus,2902.0
1999,121706.0,251100,Diabetes mellitus,2949.0
2000,122290.0,250700,Diabetes mellitus,3030.0
2001,122934.0,247900,Diabetes mellitus,3134.0
2002,124778.0,250100,Diabetes mellitus,3292.0
2003,124653.0,250700,Diabetes mellitus,3419.0
2004,124483.0,251500,Diabetes mellitus,3475.0
2005,124441.0,265600,Diabetes mellitus,3532.0
2006,126024.0,274400,Diabetes mellitus,3648.0
2007,129287.0,293200,Diabetes mellitus,3820.0
2008,131715.0,298300,Diabetes mellitus,3934.0
2009,132087.0,300800,Diabetes mellitus,3943.0
2010,132798.0,300800,Diabetes mellitus,3906.0
2011,135195.0,302700,Diabetes mellitus,3900.0
2012,135810.0,312200,Diabetes mellitus,3803.0
2013,137420.0,307100,Diabetes mellitus,3657.0
2014,141342.0,310500,Diabetes mellitus,3653.0
2015,145315.0,306300,Diabetes mellitus,3720.0
2016,146789.0,311800,Diabetes mellitus,3729.0
2017,150480.0,305200,Diabetes mellitus,3862.0
2018,156364.0,304200,Diabetes mellitus,4071.0
2019,160895.0,306200,Diabetes mellitus,4239.0
1990,113589.0,262600,Poisonings,47.0
1991,113521.0,259300,Poisonings,47.0
1992,115531.0,262600,Poisonings,45.0
1993,116309.0,259100,Poisonings,46.0
1994,119121.0,259000,Poisonings,47.0
1995,119684.0,255300,Poisonings,50.0
1996,121577.0,253400,Poisonings,51.0
1997,121817.0,251800,Poisonings,50.0
1998,121617.0,249000,Poisonings,53.0
1999,121706.0,251100,Poisonings,54.0
2000,122290.0,250700,Poisonings,55.0
2001,122934.0,247900,Poisonings,49.0
2002,124778.0,250100,Poisonings,50.0
2003,124653.0,250700,Poisonings,54.0
2004,124483.0,251500,Poisonings,51.0
2005,124441.0,265600,Poisonings,49.0
2006,126024.0,274400,Poisonings,48.0
2007,129287.0,293200,Poisonings,48.0
2008,131715.0,298300,Poisonings,49.0
2009,132087.0,300800,Poisonings,48.0
2010,132798.0,300800,Poisonings,47.0
2011,135195.0,302700,Poisonings,46.0
2012,135810.0,312200,Poisonings,44.0
2013,137420.0,307100,Poisonings,41.0
2014,141342.0,310500,Poisonings,41.0
2015,145315.0,306300,Poisonings,41.0
2016,146789.0,311800,Poisonings,40.0
2017,150480.0,305200,Poisonings,41.0
2018,156364.0,304200,Poisonings,42.0
2019,160895.0,306200,Poisonings,43.0
1990,113589.0,262600,Protein-energy malnutrition,47.0
1991,113521.0,259300,Protein-energy malnutrition,49.0
1992,115531.0,262600,Protein-energy malnutrition,52.0
1993,116309.0,259100,Protein-energy malnutrition,58.0
1994,119121.0,259000,Protein-energy malnutrition,64.0
1995,119684.0,255300,Protein-energy malnutrition,68.0
1996,121577.0,253400,Protein-energy malnutrition,73.0
1997,121817.0,251800,Protein-energy malnutrition,78.0
1998,121617.0,249000,Protein-energy malnutrition,84.0
1999,121706.0,251100,Protein-energy malnutrition,90.0
2000,122290.0,250700,Protein-energy malnutrition,94.0
2001,122934.0,247900,Protein-energy malnutrition,97.0
2002,124778.0,250100,Protein-energy malnutrition,102.0
2003,124653.0,250700,Protein-energy malnutrition,104.0
2004,124483.0,251500,Protein-energy malnutrition,108.0
2005,124441.0,265600,Protein-energy malnutrition,106.0
2006,126024.0,274400,Protein-energy malnutrition,106.0
2007,129287.0,293200,Protein-energy malnutrition,107.0
2008,131715.0,298300,Protein-energy malnutrition,108.0
2009,132087.0,300800,Protein-energy malnutrition,107.0
2010,132798.0,300800,Protein-energy malnutrition,110.0
2011,135195.0,302700,Protein-energy malnutrition,110.0
2012,135810.0,312200,Protein-energy malnutrition,111.0
2013,137420.0,307100,Protein-energy malnutrition,110.0
2014,141342.0,310500,Protein-energy malnutrition,116.0
2015,145315.0,306300,Protein-energy malnutrition,120.0
2016,146789.0,311800,Protein-energy malnutrition,125.0
2017,150480.0,305200,Protein-energy malnutrition,127.0
2018,156364.0,304200,Protein-energy malnutrition,132.0
2019,160895.0,306200,Protein-energy malnutrition,136.0
1990,113589.0,262600,Terrorism (deaths),0.0
1991,113521.0,259300,Terrorism (deaths),0.0
1992,115531.0,262600,Terrorism (deaths),1.0
1993,116309.0,259100,Terrorism (deaths),0.0
1994,119121.0,259000,Terrorism (deaths),3.0
1995,119684.0,255300,Terrorism (deaths),0.0
1996,121577.0,253400,Terrorism (deaths),2.0
1997,121817.0,251800,Terrorism (deaths),0.0
1998,121617.0,249000,Terrorism (deaths),0.0
1999,121706.0,251100,Terrorism (deaths),0.0
2000,122290.0,250700,Terrorism (deaths),0.0
2001,122934.0,247900,Terrorism (deaths),0.0
2002,124778.0,250100,Terrorism (deaths),0.0
2003,124653.0,250700,Terrorism (deaths),0.0
2004,124483.0,251500,Terrorism (deaths),0.0
2005,124441.0,265600,Terrorism (deaths),0.0
2006,126024.0,274400,Terrorism (deaths),0.0
2007,129287.0,293200,Terrorism (deaths),0.0
2008,131715.0,298300,Terrorism (deaths),0.0
2009,132087.0,300800,Terrorism (deaths),0.0
2010,132798.0,300800,Terrorism (deaths),0.0
2011,135195.0,302700,Terrorism (deaths),0.0
2012,135810.0,312200,Terrorism (deaths),0.0
2013,137420.0,307100,Terrorism (deaths),0.0
2014,141342.0,310500,Terrorism (deaths),4.0
2015,145315.0,306300,Terrorism (deaths),2.0
2016,146789.0,311800,Terrorism (deaths),0.0
2017,150480.0,305200,Terrorism (deaths),4.0
2018,156364.0,304200,Terrorism (deaths),0.0
2019,160895.0,306200,Terrorism (deaths),0.0
1990,113589.0,262600,Cardiovascular diseases,51230.0
1991,113521.0,259300,Cardiovascular diseases,50532.0
1992,115531.0,262600,Cardiovascular diseases,50979.0
1993,116309.0,259100,Cardiovascular diseases,50717.0
1994,119121.0,259000,Cardiovascular diseases,51468.0
1995,119684.0,255300,Cardiovascular diseases,51085.0
1996,121577.0,253400,Cardiovascular diseases,51248.0
1997,121817.0,251800,Cardiovascular diseases,50598.0
1998,121617.0,249000,Cardiovascular diseases,49849.0
1999,121706.0,251100,Cardiovascular diseases,49132.0
2000,122290.0,250700,Cardiovascular diseases,48690.0
2001,122934.0,247900,Cardiovascular diseases,48397.0
2002,124778.0,250100,Cardiovascular diseases,48557.0
2003,124653.0,250700,Cardiovascular diseases,47950.0
2004,124483.0,251500,Cardiovascular diseases,46587.0
2005,124441.0,265600,Cardiovascular diseases,45600.0
2006,126024.0,274400,Cardiovascular diseases,45433.0
2007,129287.0,293200,Cardiovascular diseases,45949.0
2008,131715.0,298300,Cardiovascular diseases,46128.0
2009,132087.0,300800,Cardiovascular diseases,45219.0
2010,132798.0,300800,Cardiovascular diseases,44759.0
2011,135195.0,302700,Cardiovascular diseases,44991.0
2012,135810.0,312200,Cardiovascular diseases,44416.0
2013,137420.0,307100,Cardiovascular diseases,44255.0
2014,141342.0,310500,Cardiovascular diseases,45146.0
2015,145315.0,306300,Cardiovascular diseases,46230.0
2016,146789.0,311800,Cardiovascular diseases,46468.0
2017,150480.0,305200,Cardiovascular diseases,47986.0
2018,156364.0,304200,Cardiovascular diseases,50065.0
2019,160895.0,306200,Cardiovascular diseases,51615.0
1990,113589.0,262600,Chronic kidney disease,1712.0
1991,113521.0,259300,Chronic kidney disease,1743.0
1992,115531.0,262600,Chronic kidney disease,1804.0
1993,116309.0,259100,Chronic kidney disease,1863.0
1994,119121.0,259000,Chronic kidney disease,1946.0
1995,119684.0,255300,Chronic kidney disease,1998.0
1996,121577.0,253400,Chronic kidney disease,2103.0
1997,121817.0,251800,Chronic kidney disease,2156.0
1998,121617.0,249000,Chronic kidney disease,2240.0
1999,121706.0,251100,Chronic kidney disease,2324.0
2000,122290.0,250700,Chronic kidney disease,2405.0
2001,122934.0,247900,Chronic kidney disease,2502.0
2002,124778.0,250100,Chronic kidney disease,2632.0
2003,124653.0,250700,Chronic kidney disease,2718.0
2004,124483.0,251500,Chronic kidney disease,2777.0
2005,124441.0,265600,Chronic kidney disease,2884.0
2006,126024.0,274400,Chronic kidney disease,3065.0
2007,129287.0,293200,Chronic kidney disease,3298.0
2008,131715.0,298300,Chronic kidney disease,3487.0
2009,132087.0,300800,Chronic kidney disease,3608.0
2010,132798.0,300800,Chronic kidney disease,3699.0
2011,135195.0,302700,Chronic kidney disease,3862.0
2012,135810.0,312200,Chronic kidney disease,4016.0
2013,137420.0,307100,Chronic kidney disease,4210.0
2014,141342.0,310500,Chronic kidney disease,4450.0
2015,145315.0,306300,Chronic kidney disease,4682.0
2016,146789.0,311800,Chronic kidney disease,4787.0
2017,150480.0,305200,Chronic kidney disease,4867.0
2018,156364.0,304200,Chronic kidney disease,5061.0
2019,160895.0,306200,Chronic kidney disease,5207.0
1990,113589.0,262600,Chronic respiratory diseases,6966.0
1991,113521.0,259300,Chronic respiratory diseases,7006.0
1992,115531.0,262600,Chronic respiratory diseases,7235.0
1993,116309.0,259100,Chronic respiratory diseases,7312.0
1994,119121.0,259000,Chronic respiratory diseases,7523.0
1995,119684.0,255300,Chronic respiratory diseases,7544.0
1996,121577.0,253400,Chronic respiratory diseases,7702.0
1997,121817.0,251800,Chronic respiratory diseases,7671.0
1998,121617.0,249000,Chronic respiratory diseases,7609.0
1999,121706.0,251100,Chronic respiratory diseases,7578.0
2000,122290.0,250700,Chronic respiratory diseases,7587.0
2001,122934.0,247900,Chronic respiratory diseases,7608.0
2002,124778.0,250100,Chronic respiratory diseases,7743.0
2003,124653.0,250700,Chronic respiratory diseases,7735.0
2004,124483.0,251500,Chronic respiratory diseases,7605.0
2005,124441.0,265600,Chronic respiratory diseases,7538.0
2006,126024.0,274400,Chronic respiratory diseases,7660.0
2007,129287.0,293200,Chronic respiratory diseases,7969.0
2008,131715.0,298300,Chronic respiratory diseases,8245.0
2009,132087.0,300800,Chronic respiratory diseases,8342.0
2010,132798.0,300800,Chronic respiratory diseases,8566.0
2011,135195.0,302700,Chronic respiratory diseases,8894.0
2012,135810.0,312200,Chronic respiratory diseases,9104.0
2013,137420.0,307100,Chronic respiratory diseases,9354.0
2014,141342.0,310500,Chronic respiratory diseases,9773.0
2015,145315.0,306300,Chronic respiratory diseases,10163.0
2016,146789.0,311800,Chronic respiratory diseases,10319.0
2017,150480.0,305200,Chronic respiratory diseases,10524.0
2018,156364.0,304200,Chronic respiratory diseases,10926.0
2019,160895.0,306200,Chronic respiratory diseases,11203.0
1990,113589.0,262600,Cirrhosis and other chronic liver diseases,1394.0
1991,113521.0,259300,Cirrhosis and other chronic liver diseases,1386.0
1992,115531.0,262600,Cirrhosis and other chronic liver diseases,1392.0
1993,116309.0,259100,Cirrhosis and other chronic liver diseases,1387.0
1994,119121.0,259000,Cirrhosis and other chronic liver diseases,1415.0
1995,119684.0,255300,Cirrhosis and other chronic liver diseases,1414.0
1996,121577.0,253400,Cirrhosis and other chronic liver diseases,1437.0
1997,121817.0,251800,Cirrhosis and other chronic liver diseases,1443.0
1998,121617.0,249000,Cirrhosis and other chronic liver diseases,1432.0
1999,121706.0,251100,Cirrhosis and other chronic liver diseases,1425.0
2000,122290.0,250700,Cirrhosis and other chronic liver diseases,1437.0
2001,122934.0,247900,Cirrhosis and other chronic liver diseases,1466.0
2002,124778.0,250100,Cirrhosis and other chronic liver diseases,1533.0
2003,124653.0,250700,Cirrhosis and other chronic liver diseases,1581.0
2004,124483.0,251500,Cirrhosis and other chronic liver diseases,1584.0
2005,124441.0,265600,Cirrhosis and other chronic liver diseases,1600.0
2006,126024.0,274400,Cirrhosis and other chronic liver diseases,1623.0
2007,129287.0,293200,Cirrhosis and other chronic liver diseases,1687.0
2008,131715.0,298300,Cirrhosis and other chronic liver diseases,1742.0
2009,132087.0,300800,Cirrhosis and other chronic liver diseases,1780.0
2010,132798.0,300800,Cirrhosis and other chronic liver diseases,1823.0
2011,135195.0,302700,Cirrhosis and other chronic liver diseases,1866.0
2012,135810.0,312200,Cirrhosis and other chronic liver diseases,1888.0
2013,137420.0,307100,Cirrhosis and other chronic liver diseases,1967.0
2014,141342.0,310500,Cirrhosis and other chronic liver diseases,2057.0
2015,145315.0,306300,Cirrhosis and other chronic liver diseases,2135.0
2016,146789.0,311800,Cirrhosis and other chronic liver diseases,2125.0
2017,150480.0,305200,Cirrhosis and other chronic liver diseases,2135.0
2018,156364.0,304200,Cirrhosis and other chronic liver diseases,2187.0
2019,160895.0,306200,Cirrhosis and other chronic liver diseases,2215.0
1990,113589.0,262600,Digestive diseases,3944.0
1991,113521.0,259300,Digestive diseases,3911.0
1992,115531.0,262600,Digestive diseases,3926.0
1993,116309.0,259100,Digestive diseases,3907.0
1994,119121.0,259000,Digestive diseases,3971.0
1995,119684.0,255300,Digestive diseases,3974.0
1996,121577.0,253400,Digestive diseases,4032.0
1997,121817.0,251800,Digestive diseases,4069.0
1998,121617.0,249000,Digestive diseases,4085.0
1999,121706.0,251100,Digestive diseases,4140.0
2000,122290.0,250700,Digestive diseases,4219.0
2001,122934.0,247900,Digestive diseases,4307.0
2002,124778.0,250100,Digestive diseases,4482.0
2003,124653.0,250700,Digestive diseases,4581.0
2004,124483.0,251500,Digestive diseases,4599.0
2005,124441.0,265600,Digestive diseases,4648.0
2006,126024.0,274400,Digestive diseases,4750.0
2007,129287.0,293200,Digestive diseases,4945.0
2008,131715.0,298300,Digestive diseases,5099.0
2009,132087.0,300800,Digestive diseases,5186.0
2010,132798.0,300800,Digestive diseases,5303.0
2011,135195.0,302700,Digestive diseases,5457.0
2012,135810.0,312200,Digestive diseases,5546.0
2013,137420.0,307100,Digestive diseases,5699.0
2014,141342.0,310500,Digestive diseases,5913.0
2015,145315.0,306300,Digestive diseases,6126.0
2016,146789.0,311800,Digestive diseases,6185.0
2017,150480.0,305200,Digestive diseases,6278.0
2018,156364.0,304200,Digestive diseases,6489.0
2019,160895.0,306200,Digestive diseases,6632.0
1990,113589.0,262600,Acute hepatitis,6.0
1991,113521.0,259300,Acute hepatitis,6.0
1992,115531.0,262600,Acute hepatitis,7.0
1993,116309.0,259100,Acute hepatitis,7.0
1994,119121.0,259000,Acute hepatitis,7.0
1995,119684.0,255300,Acute hepatitis,8.0
1996,121577.0,253400,Acute hepatitis,8.0
1997,121817.0,251800,Acute hepatitis,9.0
1998,121617.0,249000,Acute hepatitis,10.0
1999,121706.0,251100,Acute hepatitis,10.0
2000,122290.0,250700,Acute hepatitis,10.0
2001,122934.0,247900,Acute hepatitis,10.0
2002,124778.0,250100,Acute hepatitis,11.0
2003,124653.0,250700,Acute hepatitis,11.0
2004,124483.0,251500,Acute hepatitis,11.0
2005,124441.0,265600,Acute hepatitis,11.0
2006,126024.0,274400,Acute hepatitis,11.0
2007,129287.0,293200,Acute hepatitis,11.0
2008,131715.0,298300,Acute hepatitis,12.0
2009,132087.0,300800,Acute hepatitis,12.0
2010,132798.0,300800,Acute hepatitis,11.0
2011,135195.0,302700,Acute hepatitis,11.0
2012,135810.0,312200,Acute hepatitis,10.0
2013,137420.0,307100,Acute hepatitis,10.0
2014,141342.0,310500,Acute hepatitis,10.0
2015,145315.0,306300,Acute hepatitis,10.0
2016,146789.0,311800,Acute hepatitis,9.0
2017,150480.0,305200,Acute hepatitis,9.0
2018,156364.0,304200,Acute hepatitis,10.0
2019,160895.0,306200,Acute hepatitis,10.0
1990,113589.0,262600,Alzheimer's disease and other dementias,3669.0
1991,113521.0,259300,Alzheimer's disease and other dementias,3820.0
1992,115531.0,262600,Alzheimer's disease and other dementias,3984.0
1993,116309.0,259100,Alzheimer's disease and other dementias,4149.0
1994,119121.0,259000,Alzheimer's disease and other dementias,4342.0
1995,119684.0,255300,Alzheimer's disease and other dementias,4533.0
1996,121577.0,253400,Alzheimer's disease and other dementias,4761.0
1997,121817.0,251800,Alzheimer's disease and other dementias,4968.0
1998,121617.0,249000,Alzheimer's disease and other dementias,5176.0
1999,121706.0,251100,Alzheimer's disease and other dementias,5399.0
2000,122290.0,250700,Alzheimer's disease and other dementias,5658.0
2001,122934.0,247900,Alzheimer's disease and other dementias,5935.0
2002,124778.0,250100,Alzheimer's disease and other dementias,6213.0
2003,124653.0,250700,Alzheimer's disease and other dementias,6470.0
2004,124483.0,251500,Alzheimer's disease and other dementias,6690.0
2005,124441.0,265600,Alzheimer's disease and other dementias,6954.0
2006,126024.0,274400,Alzheimer's disease and other dementias,7268.0
2007,129287.0,293200,Alzheimer's disease and other dementias,7568.0
2008,131715.0,298300,Alzheimer's disease and other dementias,7836.0
2009,132087.0,300800,Alzheimer's disease and other dementias,8064.0
2010,132798.0,300800,Alzheimer's disease and other dementias,8345.0
2011,135195.0,302700,Alzheimer's disease and other dementias,8687.0
2012,135810.0,312200,Alzheimer's disease and other dementias,8948.0
2013,137420.0,307100,Alzheimer's disease and other dementias,9215.0
2014,141342.0,310500,Alzheimer's disease and other dementias,9526.0
2015,145315.0,306300,Alzheimer's disease and other dementias,9848.0
2016,146789.0,311800,Alzheimer's disease and other dementias,10134.0
2017,150480.0,305200,Alzheimer's disease and other dementias,10420.0
2018,156364.0,304200,Alzheimer's disease and other dementias,10804.0
2019,160895.0,306200,Alzheimer's disease and other dementias,11240.0
1990,113589.0,262600,Parkinson's disease,880.0
1991,113521.0,259300,Parkinson's disease,909.0
1992,115531.0,262600,Parkinson's disease,957.0
1993,116309.0,259100,Parkinson's disease,998.0
1994,119121.0,259000,Parkinson's disease,1056.0
1995,119684.0,255300,Parkinson's disease,1098.0
1996,121577.0,253400,Parkinson's disease,1156.0
1997,121817.0,251800,Parkinson's disease,1202.0
1998,121617.0,249000,Parkinson's disease,1246.0
1999,121706.0,251100,Parkinson's disease,1296.0
2000,122290.0,250700,Parkinson's disease,1354.0
2001,122934.0,247900,Parkinson's disease,1417.0
2002,124778.0,250100,Parkinson's disease,1494.0
2003,124653.0,250700,Parkinson's disease,1552.0
2004,124483.0,251500,Parkinson's disease,1582.0
2005,124441.0,265600,Parkinson's disease,1614.0
2006,126024.0,274400,Parkinson's disease,1668.0
2007,129287.0,293200,Parkinson's disease,1742.0
2008,131715.0,298300,Parkinson's disease,1809.0
2009,132087.0,300800,Parkinson's disease,1837.0
2010,132798.0,300800,Parkinson's disease,1882.0
2011,135195.0,302700,Parkinson's disease,1948.0
2012,135810.0,312200,Parkinson's disease,1983.0
2013,137420.0,307100,Parkinson's disease,2021.0
2014,141342.0,310500,Parkinson's disease,2085.0
2015,145315.0,306300,Parkinson's disease,2150.0
2016,146789.0,311800,Parkinson's disease,2178.0
2017,150480.0,305200,Parkinson's disease,2237.0
2018,156364.0,304200,Parkinson's disease,2331.0
2019,160895.0,306200,Parkinson's disease,2403.0
